{
  "model_name": "XGBoostClassifier",
  "threshold": 0.45,
  "train_size": 5634,
  "test_size": 1409,
  "churn_rate": 0.1098,
  "metrics": {
    "cv_auc_mean": 0.7512,
    "cv_auc_std": 0.0073,
    "auc_roc": 0.7319,
    "f1_score": 0.2624,
    "precision": 0.2913,
    "recall": 0.2387,
    "accuracy": 0.8524,
    "confusion_matrix": [
      [
        1164,
        90
      ],
      [
        118,
        37
      ]
    ]
  },
  "shap_feature_importance": {
    "monthly_charges": 0.7468525171279907,
    "tenure": 0.6032409071922302,
    "contract": 0.48121365904808044,
    "total_charges": 0.29382866621017456,
    "payment_method": 0.2304278165102005,
    "charges_per_month_ratio": 0.22012577950954437,
    "internet_service": 0.16254593431949615,
    "tenure_group": 0.13560186326503754,
    "service_count": 0.08627817779779434,
    "partner": 0.08152852952480316,
    "device_protection": 0.06742975860834122,
    "gender": 0.06393619626760483,
    "streaming_movies": 0.055954717099666595,
    "has_premium_services": 0.05593501403927803,
    "multiple_lines": 0.05540402978658676
  }
}